module,title,done,total,percent,exercises_done,exercises_total
01-algebra-trigonometry,"01 · Algebra & Trigonometry — Greene",61,220,28,0,0
02-discrete-mathematics,"02 · Discrete Mathematics — Rosen",0,91,0,10,506
03-discrete-math-lectures,"03 · Discrete Math — Lecture Course",0,27,0,0,0
04-calculus,"04 · Calculus — Thomas",0,89,0,0,0
05-linear-algebra,"05 · Linear Algebra — Kumaresan",0,52,0,0,0
06-probability,"06 · Probability — Veerarajan",0,46,0,0,0
07-numerical-methods,"07 · Numerical Methods — Sastry",0,18,0,0,0
08-pl-theory,"08 · PL Theory — Sipser · Pierce · Winskel",0,50,0,0,0
overall,"All modules",61,593,10,10,506
